country_key,country_name,continent,population,gender_distribution
1,United States,North America,26167000,97.4
2,United States,North America,26488250,97.4
3,United States,North America,26868000,97.4
4,United States,North America,27302800,97.4
5,United States,North America,27767400,97.5
6,United States,North America,28562400,97.6
7,United States,North America,29339400,97.6
8,United States,North America,29774500,97.6
9,United States,North America,30243200,97.7
10,United States,North America,30757700,97.8
11,United States,North America,31298900,97.8
12,United States,North America,31847900,97.9
13,United States,North America,32388600,97.9
14,United States,North America,32956100,97.9
15,United States,North America,33580350,97.9
16,United States,North America,34232050,97.9
17,Canada,North America,32243753,98.3
18,Canada,North America,32571174,98.3
19,Canada,North America,32889025,98.3
20,Canada,North America,33247118,98.3
21,Canada,North America,33628895,98.4
22,Canada,North America,34004889,98.5
23,Canada,North America,34339328,98.5
24,Canada,North America,34714222,98.4
25,Canada,North America,35082954,98.4
26,Canada,North America,35437435,98.4
27,Canada,North America,35702908,98.4
28,Canada,North America,36109487,98.4
29,Canada,North America,36545295,98.4
30,Canada,North America,37065178,98.5
31,Canada,North America,37593384,98.5
32,Canada,North America,38005238,98.5
33,Mexico,North America,106005199,95.7
34,Mexico,North America,107560155,95.7
35,Mexico,North America,109170503,95.7
36,Mexico,North America,110815272,95.7
37,Mexico,North America,112463886,95.8
38,Mexico,North America,114092961,95.8
39,Mexico,North America,115695468,95.8
40,Mexico,North America,117274156,95.8
41,Mexico,North America,118827158,95.8
42,Mexico,North America,120355137,95.7
43,Mexico,North America,121858251,95.7
44,Mexico,North America,123333379,95.7
45,Mexico,North America,124777326,95.7
46,Mexico,North America,126190782,95.8
47,Mexico,North America,127575529,95.8
48,Mexico,North America,128932753,95.8
49,Niger,Africa,13624474,99.2
50,Niger,Africa,14143969,99.2
51,Niger,Africa,14685404,99.4
52,Niger,Africa,15250913,99.8
53,Niger,Africa,15843131,99.8
54,Niger,Africa,16464025,99.9
55,Niger,Africa,17114770,100
56,Niger,Africa,17795209,100
57,Niger,Africa,18504287,100.2
58,Niger,Africa,19240182,100.3
59,Niger,Africa,20001663,100.4
60,Niger,Africa,20788789,100.6
61,Niger,Africa,21602388,100.6
62,Niger,Africa,22442831,100.7
63,Niger,Africa,23310719,101
64,Niger,Africa,24206636,101.1
65,Sierra Leone,Africa,5645629,98.7
66,Sierra Leone,Africa,5829240,98.7
67,Sierra Leone,Africa,5989641,98.8
68,Sierra Leone,Africa,6133599,98.9
69,Sierra Leone,Africa,6272735,99
70,Sierra Leone,Africa,6415636,99.1
71,Sierra Leone,Africa,6563238,99.1
72,Sierra Leone,Africa,6712586,99.2
73,Sierra Leone,Africa,6863975,99.2
74,Sierra Leone,Africa,7017153,99.4
75,Sierra Leone,Africa,7171909,99.3
76,Sierra Leone,Africa,7328846,99.3
77,Sierra Leone,Africa,7488427,99.5
78,Sierra Leone,Africa,7650149,99.4
79,Sierra Leone,Africa,7813207,99.5
80,Sierra Leone,Africa,7976985,99.6
81,Chad,Africa,10096630,99.3
82,Chad,Africa,10457122,99.3
83,Chad,Africa,10818031,99.3
84,Chad,Africa,11183589,99.3
85,Chad,Africa,11560142,99.3
86,Chad,Africa,11952134,99.5
87,Chad,Africa,12360986,99.5
88,Chad,Africa,12784748,99.5
89,Chad,Africa,13220433,99.5
90,Chad,Africa,13663562,99.5
91,Chad,Africa,14110971,99.6
92,Chad,Africa,14561658,99.6
93,Chad,Africa,15016761,99.6
94,Chad,Africa,15477727,99.6
95,Chad,Africa,15946882,99.6
96,Chad,Africa,16425859,99.7
97,Sri Lanka,Asia,19544988,97.3
98,Sri Lanka,Asia,19695977,96.6
99,Sri Lanka,Asia,19842044,96.4
100,Sri Lanka,Asia,19983984,96
101,Sri Lanka,Asia,20123508,95.5
102,Sri Lanka,Asia,20261738,94.9
103,Sri Lanka,Asia,20398496,94.6
104,Sri Lanka,Asia,20425000,94.3
105,Sri Lanka,Asia,20585000,94
106,Sri Lanka,Asia,20778000,93.5
107,Sri Lanka,Asia,20970000,93
108,Sri Lanka,Asia,21203000,92.6
109,Sri Lanka,Asia,21444000,92.4
110,Sri Lanka,Asia,21670000,92.3
111,Sri Lanka,Asia,21803000,92.1
112,Sri Lanka,Asia,21919000,92.1
113,Bangladesh,Asia,139035505,105
114,Bangladesh,Asia,140921154,104.5
115,Bangladesh,Asia,142660381,104.3
116,Bangladesh,Asia,144304164,104
117,Bangladesh,Asia,145924795,103.7
118,Bangladesh,Asia,147575433,103.5
119,Bangladesh,Asia,149273134,103.4
120,Bangladesh,Asia,151005733,103.7
121,Bangladesh,Asia,152761413,103.5
122,Bangladesh,Asia,154517385,103.3
123,Bangladesh,Asia,156256287,103
124,Bangladesh,Asia,157977151,102.8
125,Bangladesh,Asia,159685421,102.6
126,Bangladesh,Asia,161376713,102.4
127,Bangladesh,Asia,163046173,102.3
128,Bangladesh,Asia,164689383,102.2
129,Ethiopia,Africa,76346310,99.5
130,Ethiopia,Africa,78489205,99.5
131,Ethiopia,Africa,80674343,99.5
132,Ethiopia,Africa,82916236,99.5
133,Ethiopia,Africa,85233923,99.5
134,Ethiopia,Africa,87639962,99.6
135,Ethiopia,Africa,90139928,99.6
136,Ethiopia,Africa,92726982,99.6
137,Ethiopia,Africa,95385793,99.6
138,Ethiopia,Africa,98094264,99.8
139,Ethiopia,Africa,100835453,99.9
140,Ethiopia,Africa,103603461,100
141,Ethiopia,Africa,106399926,100
142,Ethiopia,Africa,109224410,100
143,Ethiopia,Africa,112078727,100
144,Ethiopia,Africa,114963583,100.1
